Name,Draft,Round,Pick,Position(s),Handedness,Height,Weight,DOB,City of Birth,Count(r)y of Birth,College,Drafted By
Precious Achiuwa,2020,1,20,C PF,Right,6'8,225,19/09/1999,Port Harcourt,Nigeria,Memphis,Miami Heat,achiupr01
Steven Adams,2013,1,12,C,Right,6'11,265,20/07/1993,Rotorua,New Zealand,Pitt,Oklahoma City Thunder,adamsst01
Bam Adebayo,2017,1,14,C PF,Right,6'9,255,18/07/1997,Newark,New Jersey,Kentucky,Miami Heat,adebaba01
Ochai Agbaji,2022,1,14,SG,Right,6'5,215,20/04/2000,Milwaukee,Wisconsin,Kansas,Cleveland Cavaliers,agbajoc01
Santi Aldama,2021,1,30,PF,Right,6'11,224,10/01/2001,Las Palmas,Spain,Loyola,Utah Jazz,aldamsa01
Nickeil Alexander-Walker,2019,1,17,SG,Right,6'5,205,02/09/1998,Toronto,Ontario,Virginia Tech,Brooklyn Nets,alexani01
Grayson Allen,2018,1,21,SG,Right,6'4,198,08/10/1995,Jacksonville,Florida,Duke,Utah Jazz,allengr01
Jarrett Allen,2017,1,22,C,Right,6'11,243,21/04/1998,San Diego,California,Texas,Brooklyn Nets,allenja01
Timmy Allen,0,0,0,SF,Right,6'6,210,09/01/2000,Mesa,Arizona,Utah/Texas,Undrafted,allenti01
Jose Alvarado,0,0,0,PG,Right,6'0,179,12/04/1998,Brooklyn,New York,Georgia Tech,Undrafted,alvarjo01
Kyle Anderson,2014,1,30,SF PF,Right,6'9,230,20/09/1993,New York,New York,UCLA,San Antonio Spurs,anderky01
Giannis Antetokounmpo,2013,1,15,PF SF PG SG,Right,6'11,242,06/12/1994,Athens,Greece,None,Milwaukee Bucks,antetgi01
Thanasis Antetokounmpo,2014,2,21,SF PF,Right,6'7,219,18/07/1992,Athens,Greece,None,New York Knicks,antetth01
Cole Anthony,2020,1,15,PG,Right,6'2,185,15/05/2000,Portland,Oregon,UNC,Orlando Magic,anthoco01
OG Anunoby,2017,1,23,SF,Right,6'7,232,17/07/1997,London,United Kingdom,Indiana,Toronto Raptors,anunoog01
Ryan Arcidiacono,0,0,0,PG,Right,6'3,195,26/03/1994,Philadelphia,Pennsylvania,Villanova,Undrafted,arcidry01
Deni Avdija,2020,1,9,SF,Right,6'9,210,03/01/2001,Beit Zera,Israel,None,Washington Wizards,avdijde01
Deandre Ayton,2018,1,1,C,Right,7'0,250,23/07/1998,Nassau,Bahamas,Arizona,Phoenix Suns,aytonde01
Udoka Azubuike,2020,1,27,C,Right,6'10,280,17/07/1999,Lagos,Nigeria,Kansas,Utah Jazz,azubuud01
Ibou Badji,0,0,0,C,Right,7'1,240,13/10/2002,Dakar,Senegal,None,Undrafted,badjiib01
Marvin Bagley III,2018,1,2,C PF,Left,6'10,235,14/03/1999,Tempe,Arizona,Duke,Sacramento Kings,baglema01
Amari Bailey,2023,2,11,PG,Left,6'5,185,17/02/2004,New Orleans,Louisiana,UCLA,Charlotte Hornets,baileam01
Patrick Baldwin Jr.,2022,1,28,SF,Right,6'9,220,18/11/2002,Green Bay,Wisconsin,UW-Milwuakee,Golden State Warriors,baldwpa01
LaMelo Ball,2020,1,3,PG,Right,6'7,180,22/08/2001,Anaheim,California,None,Charlotte Hornets,ballla01
Lonzo Ball,2017,1,2,PG,Right,6'6,190,27/10/1997,Anaheim,California,UCLA,Los Angeles Lakers,balllo01
Mo Bamba,2018,1,6,C,Right,7'0,231,12/05/1998,Harlem,New York,Texas,Orlando Magic,bambamo01
Paolo Banchero,2022,1,1,PF,Right,6'10,250,12/11/2002,Seattle,Washington,Duke,Orlando Magic,banchpa01
Desmond Bane,2020,1,30,SG,Right,6'5,215,25/06/1998,Richmond,Indiana,TCU,Boston Celtics,banede01
Dalano Banton,2021,2,16,PG,Right,6'9,204,07/11/1999,Toronto,Ontario,Nebraska,Toronto Raptors,bantoda01
Dominick Barlow,0,0,0,PF,Right,6'9,221,26/05/2003,Hackensack,New Jersey,None,Undrafted,barlodo01
Harrison Barnes,2012,1,7,PF SF,Right,6'8,225,30/05/1992,Ames,Iowa,UNC,Golden State Warriors,barneha02
Scottie Barnes,2021,1,4,SG SF PF,Right,6'7,227,01/08/2001,West Palm Beach,Florida,Florida State,Toronto Raptors,barnesc01
RJ Barrett,2019,1,3,SG SF,Left,6'6,214,14/06/2000,Toronto,Ontario,Duke,New York Knicks,barrerj01
Charles Bassey,2021,2,23,C,Right,6'10,235,28/10/2000,Lagos,Nigeria,Western Kentucky,Philadelphia 76ers,bassech01
Emoni Bates,2023,2,19,SF,Right,6'10,170,28/01/2004,Ann Arbor,Michigan,Eastern Michigan/Memphis,Cleveland Cavaliers,batesem01
Keita Bates-Diop,2018,2,18,SF PF,Right,6'8,229,23/01/1996,Bloomington,Illinois,Ohio State,Minnesota Timberwolves,bateske01
Nicolas Batum,2008,1,25,SF,Right,6'8,230,14/12/1988,Lisieux,France,None,Houston Rockets,batumni01
Darius Bazley,2019,1,23,PF C,Left,6'8,208,12/06/2000,Boston,Massachusetts,None,Utah Jazz,bazleda01
Bradley Beal,2012,1,3,SG,Right,6'4,207,28/06/1993,St. Louis,Missouri,Florida,Washington Wizards,bealbr01
Malik Beasley,2016,1,19,SG,Right,6'4,187,26/11/1996,Atlanta,Georgia,Florida State,Denver Nuggets,beaslma01
MarJon Beauchamp,2022,1,24,SF,Right,6'6,199,12/10/2000,Yakima,Washington,Yakima Valley Community College,Milwaukee Bucks,beaucma01
Jules Bernard,0,0,0,SG,Left,6'7,210,21/01/2000,Los Angeles,California,UCLA,Undrafted,bernaju01
Davis Bertans,2011,2,12,PF,Right,6'10,225,12/11/1992,Valmiera,Latvia,None,Indiana Pacers,bertada01
Patrick Beverley,2009,2,12,PG SG,Right,6'2,180,12/07/1988,Chicago,Illinois,Arkansas,Los Angeles Lakers,beverpa01
Saddiq Bey,2020,1,19,SF,Right,6'7,215,09/04/1999,Charlotte,North Carolina,Villanova,Brooklyn Nets,beysa01
Goga Bitadze,2019,1,18,C,Right,6'11,250,20/07/1999,Sagarejo,Georgia,None,Indiana Pacers,bitadgo01
Onuralp Bitim,0,0,0,SG,Right,6'6,215,31/03/1999,Kadıköy,Turkey,None,Undrafted,bitimon01
Bismack Biyombo,2011,1,7,C,Right,6'8,255,28/08/1992,Lubumbashi,Democratic Republic of the Congo,None,Sacramento Kings,biyombi01
Anthony Black,2023,1,6,PG,Right,6'7,198,20/01/2004,Duncanville,Texas,Arkansas,Orlando Magic,blackan01
Leaky Black,0,0,0,SF,Right,6'9,205,14/06/1999,Concord,North Carolina,UNC,Undrafted,blackle01
Buddy Boeheim,0,0,0,SF,Right,6'6,205,11/11/1999,Fayetteville,New York,Syracuse,Undrafted,boehebu01
Bogdan Bogdanovic,2014,1,27,SG,Right,6'5,220,18/08/1992,Belgrade,Serbia,None,Phoenix Suns,bogdabo01
Bojan Bogdanovic,2011,2,1,SF PF,Right,6'7,226,18/04/1989,Mostar,Bosnia and Herzegovina,None,Miami Heat,bogdabo02
Bol Bol,2019,2,14,PF,Right,7'3,220,16/11/1999,Khartoum,Sudan,Oregon,Miami Heat,bolbo01
Marques Bolden,0,0,0,C,Right,6'10,249,17/04/1998,Dallas,Texas,Duke,Undrafted,boldema01
Devin Booker,2015,1,13,SG PG,Right,6'6,206,30/10/1996,Grand Rapids,Michigan,Kentucky,Phoenix Suns,bookede01
Brandon Boston Jr.,2021,2,21,SF SG,Right,6'7,185,28/11/2001,Norcross,Georgia,Kentucky,Memphis Grizzlies,bostobr01
Chris Boucher,0,0,0,PF,Right,6'9,200,11/01/1993,Castries,Saint Lucia,Oregon,Undrafted,boucech01
James Bouknight,2021,1,11,SG,Right,6'5,190,18/09/2000,Brooklyn,New York,UConn,Charlotte Hornets,bouknja01
Jamaree Bouyea,0,0,0,PG,Right,6'2,180,27/06/1999,Seaside,California,San Francisco,Undrafted,bouyeja01
Malaki Branham,2022,1,20,PG SG,Right,6'4,180,12/05/2003,Columbus,Ohio,Ohio State,San Antonio Spurs,branhma01
Christian Braun,2022,1,21,SG,Right,6'6,218,17/04/2001,Burlington,Kansas,Kansas,Denver Nuggets,braunch01
Mikal Bridges,2018,1,10,SF SG,Right,6'6,209,30/08/1996,Philadelphia,Pennsylvania,Villanova,Philadelphia 76ers,bridgmi01
Miles Bridges,2018,1,12,SF PF,Left,6'7,225,21/03/1998,Huntington,West Virginia,Michigan State,Los Angeles Clippers,bridgmi02
Oshae Brissett,0,0,0,SF PF,Right,6'7,210,20/06/1998,Toronto,Ontario,Syracuse,Undrafted,brissos01
Izaiah Brockington,0,0,0,PG,Left,6'4,200,12/07/1999,Towson,Maryland,St/Bonaventure,Undrafted,brockiz01
Malcolm Brogdon,2016,2,6,PG SG,Right,6'4,229,11/12/1992,Atlanta,Georgia,Virginia,Milwaukee Bucks,brogdma01
Armoni Brooks,0,0,0,PG SG,Right,6'3,195,05/06/1998,Waco,Texas,Houston,Undrafted,brookar01
Dillon Brooks,2017,2,15,SF SG,Right,6'6,225,22/01/1996,Mississauga,Ontario,Oregon,Houston Rockets,brookdi01
Bruce Brown,2018,2,12,PG,Right,6'4,202,15/08/1996,Boston,Massachusetts,Miami ,Detroit Pistons,brownbr01
Charlie Brown Jr.,0,0,0,SG,Right,6'6,199,02/02/1997,Philadelphia,Pennsylvania,Saint Joseph,Undrafted,brownch02
Greg Brown III,2021,2,13,PF SF,Right,6'7,205,01/09/2001,Dallas,Texas,Texas,New Orleans Pelicans,brownch05
Jaylen Brown,2016,1,3,SG SF,Right,6'6,223,24/10/1996,Marietta,Georgia,California,Boston Celtics,brownja02
Kendall Brown,2022,2,18,SG,Right,6'8,205,11/05/2003,St. Paul,Minnesota,Baylor,Minnesota Timberwolves,brownke03
Kobe Brown,2023,1,30,PF,Right,6'7,250,01/01/2000,Huntsville,Alabama,Missouri,Los Angeles Clippers,brownko01
Moses Brown,0,0,0,C,Right,7'2,245,13/10/1999,New York,New York,UCLA,Undrafted,brownmo01
Troy Brown Jr.,2018,1,15,SF,Right,6'6,215,28/07/1999,Las Vegas,Nevada,Oregon,Washington Wizards,browntr01
Jalen Brunson,2018,2,3,PG SG,Left,6'2,190,31/08/1996,New Brunswick,New Jersey,Villanova,Dallas Mavericks,brunsja01
Thomas Bryant,2017,2,12,C,Right,6'10,248,31/07/1997,Rochester,New York,Indiana,Utah Jazz,bryanth01
Kobe Bufkin,2023,1,15,SG,Left,6'4,195,21/09/2003,Grand Rapids,Michigan,Michigan,Atlanta Hawks,bufkiko01
Reggie Bullock,2013,1,25,SF SG,Right,6'6,205,16/03/1991,Baltimore,Maryland,UNC,Los Angeles Clippers,bullore01
Alec Burks,2011,1,12,SG SF,Right,6'6,214,20/07/1991,Grandview,Missouri,Colorado,Utah Jazz,burksal01
Jared Butler,2021,2,10,PG SG,Right,6'3,195,25/08/2000,Reserve,Louisiana,Baylor,New Orleans Pelicans,butleja01
Jimmy Butler,2011,1,30,SF,Right,6'7,230,14/09/1989,Houston,Texas,Marquette,Chicago Bulls,butleji01
Jamal Cain,0,0,0,PF,Right,6'7,191,20/03/1999,Pontiac,Michigan,Oakland/Marquette,Undrafted,cainja01
Kentavious Caldwell-Pope,2013,1,8,SG,Right,6'5,204,18/02/1993,Thomaston,Georgia,Georgia,Detroit Pistons,caldwke01
Toumani Camara,2023,2,22,PF,Left,6'8,220,08/05/2000,Brussels,Belgium,Dayton,Phoenix Suns,camarto01
Clint Capela,2014,1,25,C,Right,6'10,240,18/05/1994,Geneva,Switzerland,None,Houston Rockets,capelca01
Jevon Carter,2018,2,2,PG,Right,6'1,200,14/09/1995,Maywood,Illinois,West Virginia,Memphis Grizzlies,carteje01
Wendell Carter Jr.,2018,1,7,C PF,Right,6'10,270,16/04/1999,Atlanta,Georgia,Duke,Chicago Bulls,cartewe01
D.J. Carton,0,0,0,SG,Left,6'2,200,05/08/2000,Pineville,North Carolina,Marquette/Ohio State,Undrafted,cartodj01
Alex Caruso,0,0,0,PG SG,Right,6'5,186,28/02/1994,College Station,Texas,Texas A,Undrafted,carusal01
Colin Castleton,0,0,0,C PF,Right,6'11,250,25/05/2000,Pembroke Pines,Florida,Florida/Michigan,Undrafted,castlco01
Malcolm Cazalon,0,0,0,SG,Left,6'6,212,27/08/2001,Roanne,France,None,Undrafted,cazalma01
Julian Champagnie,0,0,0,SF,Right,6'8,220,29/06/2001,Brooklyn,New York,St John's,Undrafted,champju02
Justin Champagnie,0,0,0,SF,Right,6'6,200,29/06/2001,Brooklyn,New York,Pitt,Undrafted,champju01
Max Christie,2016,1,8,PF,Right,6'9,240,02/07/1997,Sacramento,California,Washington,Sacramento Kings,chrisma01
Sidy Cissoko,2023,2,14,SF,Right,6'8,200,02/04/2004,Saint,France,None,San Antonio Spurs,cissosi01
Brandon Clark,2019,1,21,PF,Right,6'8,215,19/09/1996,Vancouver,British Columbia,Gonzaga/San Jose State,Oklahoma City Thunder,clarkbr01
Jordan Clarkson,2014,2,16,SG PG,Right,6'3,194,07/06/1992,Tampa,Florida,Missouri/Tulsa,Washington Wizards,clarkjo01
Nic Claxton,2019,2,1,C,Left,6'11,215,17/04/1999,Greenville,South Carolina,Georgia,Brooklyn Nets,claxtni01
Noah Clowney,2023,1,21,PF,Right,6'10,210,14/07/2004,Spartanburg,South Carolina,Alabama,Brooklyn Nets,clownno01
Amir Coffey,0,0,0,SG SF,Left,6'7,210,17/06/1997,Hopkins,Minnesota,Minnesota,Undrafted,coffeam01
John Collins,2017,1,19,PF,Right,6'9,235,23/09/1997,Layton,Utah,Wake Forest,Atlanta Hawks,collijo01
Zach Collins,2017,1,10,C PF,Right,6'11,250,19/11/1997,Las Vegas,Nevada,Gonzaga,Sacramento Kings,colliza01
Mike Conley,2007,1,4,PG,Left,6'0,175,11/10/1987,Fayetteville,Arkansas,Ohio State,Memphis Grizzlies,conlemi01
Pat Connaughton,2015,2,11,SG SF,Right,6'5,209,06/01/1993,Arlington,Massachusetts,Notre Dame,Brooklyn Nets,connapa01
Bilal Coulibaly,2023,1,7,SF,Right,6'6,195,26/07/2004,Saint,France,None,Indiana Pacers,coulibi01
Ricky Council IV,0,0,0,SG,Right,6'6,205,03/08/2001,Durham,North Carolina,Arkansas/Wichita State,Undrafted,couciri01
Robert Covington,0,0,0,SF,Right,6'7,209,14/12/1990,Bellwood,Illinois,Tennessee State,Undrafted,covinro01
Torrey Craig,0,0,0,SF PF,Right,6'7,221,19/12/1990,Columbia,South Carolina,USC Upstate,Undrafted,craigto01
Jae Crowder,2012,2,4,SF PF,Right,6'6,235,06/07/1990,Villa Rica,Georgia,Marquette,Cleveland Cavaliers,crowdja01
Jalen Crutcher,0,0,0,PG,Right,6'2,175,18/07/1999,Memphis,Tennessee,Dayton,Undrafted,crutcja01
Cade Cunningham,2021,1,1,PG SG,Right,6'6,220,25/09/2001,Arlington,Texas,Oklahoma State,Detroit Pistons,cunnica01
Seth Curry,0,0,0,SG PG,Right,6'1,185,23/08/1990,Charlotte,North Carolina,Duke/Liberty,Undrafted,curryse01
Steph Curry,2009,1,7,PG,Right,6'2,185,14/03/1988,Akron,Ohio,Davidson,Golden State Warriors,curryst01
Dyson Daniels,2022,1,8,PG,Right,6'8,199,17/03/2003,Bendigo,Australia,None,New Orleans Pelicans,daniedy01
Anthony Davis,2012,1,1,C PF,Right,6'10,253,11/03/1993,Chicago,Illinois,Kentucky,New Orleans Hornets,davisan02
Johnny Davis,1976,2,5,SG PG,Right,6'2,170,21/10/1955,Detroit,Michigan,Dayton,Portland Trail Blazers,davisjo06
JD Davison,2022,2,23,SG,Right,6'1,195,03/10/2002,Montgomery,Alabama,Alabama,Boston Celtics,davisjd01
DeMar DeRozan,2009,1,9,SG,Right,6'6,220,07/08/1989,Compton,California,USC,Toronto Raptors,deronde01
Donte DiVincenzo,2018,1,17,SG,Right,6'4,203,31/01/1997,Newark,Delaware,Villanova,Milwaukee Bucks,divindo01
Moussa Diabate,2022,2,13,C,Right,6'11,210,21/01/2002,Paris,France,Michigan,Los Angeles Clippers,diabamo01
Mamadi Diakite,0,0,0,PF C,Right,6'9,228,21/01/1997,Conakry,Guinea,Virginia,Undrafted,diakima01
Hamidou Diallo,2018,2,15,SF SG,Right,6'5,202,31/07/1998,Queens,New York,Kentucky,Brooklyn Nets,diallha01
Gradey Dick,2023,1,13,SG,Right,6'6,205,20/11/2003,Wichita,Kansas,Kansas,Toronto Raptors,dickgr01
Ousmane Dieng,2022,1,11,PF,Right,6'10,216,21/05/2003,Villeneuve,France,None,New York Knicks,diengou01
Spencer Dinwiddie,2014,2,8,PG SG,Right,6'5,215,06/04/1993,Los Angeles,California,Colorado,Detroit Pistons,dinwisp01
Luka Doncic,2018,1,3,PG SG,Right,6'7,230,28/02/1999,Ljubljana,Slovenia,None,Atlanta Hawks,doncilu01
Luguentz Dort,0,0,0,SF SG,Right,6'3,215,19/04/1999,Montreal,Quebec,Arizona State,Undrafted,dortlu01
Ayo Dosunmu,2021,2,8,SG,Right,6'5,200,17/01/2000,Chicago,Illinois,Illinois,Chicago Bulls,dosunay01
Jeff Dowtin,0,0,0,PG,Right,6'3,185,10/05/1997,Upper Marlboro,Maryland,Rhode Island,Undrafted,dowtije01
Henri Drell,0,0,0,SF,Right,6'9,187,25/04/2000,Tallinn,Estonia,None,Undrafted,drellhe01
Andre Drummond,2012,1,9,C,Right,6'11,279,10/08/1993,Mount Vernon,New York,UConn,Detroit Pistons,drumman01
Chris Duarte,2021,1,13,SF SG,Right,6'6,190,13/06/1997,Puerto Plata,Dominican Republic,Oregon,Indiana Pacers,duartch01
David Duke Jr.,0,0,0,SG PG,Right,6'5,205,13/10/1999,Providence,Rhode Island,Providence,Undrafted,dukeda01
Kris Dunn,2016,1,5,PG,Right,6'3,205,18/03/1994,New London,Connecticut,Providence,Minnesota Timberwolves,dunnkr01
Kevin Durant,2007,1,2,SF,Right,6'11,240,29/09/1988,Washington,District of Columbia,Texas,Seattle SuperSonics,duranke01
Jalen Duren,2022,1,13,C,Right,6'10,250,18/11/2003,New Castle,Delaware,Memphis,Charlotte Hornets,durenja01
Tari Eason,2022,1,17,PF,Right,6'8,216,10/05/2001,Portsmouth,Virginia,Cincinnati/LSU,Houston Rockets,easonta01
Anthony Edwards,2020,1,1,SG,Right,6'4,225,05/08/2001,Atlanta,Georgia,Georgia,Minnesota Timberwolves,edwaran01
Kessler Edwards,1988,1,20,SG PG,Right,6'3,190,30/10/1965,Cleveland Heights,Ohio,DePaul,Miami Heat,edwarke01
Keon Ellis,0,0,0,SG,Right,6'6,175,08/01/2000,Eustis,Florida,Alabama/Florida SouthWestern State College,Undrafted,elliske01
Joel Embiid,2014,1,3,C,Right,7'0,280,16/03/1994,Yaounde,Cameroon,Kansas,Philadelphia 76ers,embiijo01
Drew Eubanks,0,0,0,C PF,Right,6'9,245,01/02/1997,Starkville,Mississippi,Oregon State,Undrafted,eubandr01
Tosan Evbuomwan,0,0,0,SF,Right,6'8,219,16/02/2001,Newcastle,United Kingdom,Princeton,Undrafted,evbuoto01
Dante Exum,2014,1,5,PG SG,Right,6'5,214,13/07/1995,Melbourne,Australia,None,Utah Jazz,exumda01
Bruno Fernando,2019,2,4,C,Right,6'9,240,15/08/1998,Luanda,Angola,Maryland,Philadelphia 76ers,fernabr01
Dorian Finney-Smith,0,0,0,PF SF,Right,6'7,220,04/05/1993,Portsmouth,Virginia,Florida,Undrafted,finnedo01
Adam Flagler,0,0,0,SG,Right,6'3,185,01/12/1999,Duluth,Georgia,Presbyterian College/Baylor,Undrafted,flaglad01
Malachi Flynn,2020,1,29,PG,Right,6'1,175,10/05/1998,Tacoma,Washington,San Diego State/Washington State,Toronto Raptors,flynnma01
Simone Fontecchio,0,0,0,SF,Right,6'8,209,09/12/1995,Pescara,Italy,None,Undrafted,fontesi01
Jordan Ford,0,0,0,PG,Right,6'1,175,26/05/1998,Citrus Heights,California,Saint Mary,Undrafted,fordjo01
Trent Forrest,0,0,0,SG PG,Right,6'4,210,12/06/1998,Dothan,Alabama,Florida State,Undrafted,forretr01
De'Aaron Fox,2017,1,5,PG,Left,6'3,185,20/12/1997,New Orleans,Louisiana,Kentucky,Sacramento Kings,foxde01
Javon Freeman-Liberty,0,0,0,PG,Right,6'4,180,20/10/1999,Chicago,Illinois,DePaul/Valparaiso,Undrafted,freemja01
Alex Fudge,0,0,0,SF,Right,6'8,200,06/05/2003,Jacksonville,Florida,LSU/Florida,Undrafted,fudgeal01
Markelle Fultz,2017,1,1,PG SG,Right,6'4,209,29/05/1998,Upper Marlboro,Maryland,Washington,Philadelphia 76ers,fultzma01
Andrew Funk,0,0,0,SG,Right,6'5,200,21/09/1999,Warrington,Pennsylvania,Penn State/Bucknell,Undrafted,funkan01
Wenyen Gabriel,0,0,0,PF C,Right,6'9,205,26/03/1997,Khartoum,Sudan,Kentucky,Undrafted,gabriwe01
Daniel Gafford,2019,2,8,C PF,Right,6'10,234,01/10/1998,El Dorado,Arkansas,Arkansas,Chicago Bulls,gaffoda01
Danilo Gallinari,2008,1,6,SF,Right,6'10,233,08/08/1988,Sant,Italy,None,New York Knicks,gallida01
Darius Garland,2019,1,5,PG SG,Right,6'1,192,26/01/2000,Gary,Indiana,Vanderbilt,Cleveland Cavaliers,garlada01
Usman Garuba,2021,1,23,PF C,Right,6'8,220,09/03/2002,Azuqueca de Henares,Spain,None,Houston Rockets,garubus01
Luka Garza,2021,2,22,C,Right,6'10,235,27/12/1998,Washington,District of Columbia,Iowa,Detroit Pistons,garzalu01
Kaiser Gates,0,0,0,SF,Right,6'8,217,08/11/1996,Atlanta,Georgia,Xavier,Undrafted,gateska01
Keyonte George,2023,1,16,PG SG,Right,6'4,185,08/11/2003,Lewisville,Texas,Baylor,Utah Jazz,georgke01
Paul George,2010,1,10,SF,Right,6'8,220,02/05/1990,Palmdale,California,Fresno State,Indiana Pacers,georgpa01
Taj Gibson,2009,1,26,PF C,Right,6'9,232,24/06/1985,Brooklyn,New York,USC,Chicago Bulls,gibsota01
Josh Giddey,2021,1,6,SG,Right,6'8,210,10/10/2002,Melbourne,Australia,None,Oklahoma City Thunder,giddejo01
Harry Giles,2017,1,20,C PF,Right,6'11,240,22/04/1998,Winston,North Carolina,Duke,Portland Trail Blazers,gilesha01
Shai Gilgeous-Alexander,2018,1,11,PG SG,Right,6'6,180,12/07/1998,Toronto,Ontario,Kentucky,Charlotte Hornets,gilgesh01
Anthony Gill,0,0,0,PF,Right,6'7,230,17/10/1992,High Point,North Carolina,South Carolina/Virginia,Undrafted,gillan01
Jacob Gilyard,0,0,0,PG,Right,5'9,160,14/07/1998,Kansas City,Missouri,Richmond,Undrafted,gilyaja01
Rudy Gobert,2013,1,27,C,Right,7'1,258,26/06/1992,Saint,France,None,Denver Nuggets,goberru01
Jordan Goodwin,0,0,0,PG SG,Right,6'3,200,23/10/1998,Centreville,Illinois,Saint Louis,Undrafted,goodwjo01
Aaron Gordon,2014,1,4,PF SF,Right,6'8,235,16/09/1995,San Jose,California,Arizona,Orlando Magic,gordoaa01
Eric Gordon,2008,1,7,SG SF,Right,6'3,215,25/12/1988,Indianapolis,Indiana,Indiana,Los Angeles Clippers,gordoer01
Devonte' Graham,2018,2,4,PG,Right,6'1,195,22/02/1995,Raleigh,North Carolina,Kansas,Atlanta Hawks,grahade01
Jerami Grant,2014,2,9,PF SF,Right,6'7,210,12/03/1994,Portland,Oregon,Syracuse,Philadelphia 76ers,grantje01
RaiQuan Gray,2021,2,29,PF,Right,6'8,260,07/07/1999,Fort Lauderdale,Florida,Florida State,Brooklyn Nets,grayra01
A.J. Green,0,0,0,SG,Right,6'4,200,27/09/1999,Cedar Falls,Iowa,University of Northern Iowa,Undrafted,greenaj01
Danny Green,2009,2,16,SG SF,Right,6'6,215,22/06/1987,North Babylon,New York,UNC,Cleveland Cavaliers,greenda02
Draymond Green,2012,2,5,PF SF,Right,6'6,230,04/03/1990,Saginaw,Michigan,Michigan State,Golden State Warriors,greendr01
Jalen Green,2021,1,2,SG,Right,6'4,178,09/02/2002,Merced,California,None,Houston Rockets,greenja05
Javonte Green,0,0,0,SF SG,Right,6'4,205,23/07/1993,Petersburg,Virginia,Radford,Undrafted,greenja02
Jeff Green,1963,0,7,SG,Right,6'5,195,22/11/1941,Unknown,Unknown,Maryland,Philadelphia 76ers,greenje02
Josh Green,2020,1,18,SG,Right,6'5,200,16/11/2000,Sydney,Australia,Arizona,Dallas Mavericks,greenjo02
AJ Griffin,2022,1,16,SF,Right,6'6,222,25/08/2003,Dallas,Texas,Duke,Atlanta Hawks,griffaj01
Quentin Grimes,2021,1,25,SG,Right,6'5,205,08/05/2000,Houston,Texas,Houston/Kansas,Los Angeles Clippers,grimequ01
Mouhamadou Gueye,0,0,0,PF SF,Right,6'9,210,06/07/1998,Staten Island,New York,Monroe Community College/Stony Brook University,Undrafted,gueyemo01
Mouhamed Gueye,2023,2,9,PF,Right,6'11,210,09/11/2002,Dakar,Senegal,Washington State,Charlotte Hornets,gueyemo02
Rui Hachimura,2019,1,9,PF,Right,6'8,230,08/02/1998,Toyama,Japan,Gonzaga,Washington Wizards,hachiru01
Ashton Hagans,0,0,0,PG,Right,6'3,190,08/07/1999,Cartersville,Georgia,Kentucky,Undrafted,haganas01
Tyrese Haliburton,2020,1,12,PG SG,Right,6'5,185,29/02/2000,Oshkosh,Wisconsin,Iowa State,Sacramento Kings,halibty01
R.J. Hampton,2020,1,24,SG PG,Right,6'4,175,07/02/2001,Dallas,Texas,None,Milwaukee Bucks,hamptrj01
Tim Hardaway Jr.,2013,1,24,SG SF,Right,6'5,205,16/03/1992,Orinda,California,Michigan,New York Knicks,hardati02
James Harden,2009,1,3,PG SG,Left,6'5,220,26/08/1989,Los Angeles,California,Arizona State,Oklahoma City Thunder,hardeja01
Jaden Hardy,1978,1,11,PF SF,Right,6'8,220,01/12/1956,Knoxville,Alabama,San Francisco,New Orleans Jazz,hardyja01
Ron Harper Jr.,0,0,0,PF,Right,6'6,245,12/04/2000,Paterson,New Jersey,Rutgers University,Undrafted,harpero02
Gary Harris,2014,1,19,SG,Right,6'4,210,14/09/1994,Fishers,Indiana,Michigan State,Chicago Bulls,harriga01
Joe Harris,2014,2,3,SG SF,Right,6'6,220,06/09/1991,Chelan,Washington,Virginia,Cleveland Cavaliers,harrijo01
Kevon Harris,0,0,0,SG,Right,6'5,216,24/06/1997,Ellenwood,Georgia,Stephen F,Undrafted,harrike01
Tobias Harris,2011,1,19,PF SF,Right,6'8,226,15/07/1992,Islip,New York,Tennessee,Charlotte Bobcats,harrito02
Shaquille Harrison,0,0,0,SG PG,Left,6'4,190,06/10/1993,Kansas City,Missouri,Tulsa,Undrafted,harrish01
Josh Hart,2017,1,30,SF SG,Right,6'4,215,06/03/1995,Silver Spring,Maryland,Villanova,Utah Jazz,hartjo01
Isaiah Hartenstein,2017,2,13,C PF,Left,7'0,250,05/05/1998,Eugene,Oregon,None,Houston Rockets,harteis01
Sam Hauser,0,0,0,SF,Right,6'8,215,08/12/1997,Green Bay,Wisconsin,Marquette/Virginia,Undrafted,hausesa01
Jordan Hawkins,2023,1,14,SG,Right,6'5,195,29/04/2002,Gaithersburg,Maryland,UConn,New Orleans Pelicans,hawkijo01
Jaxson Hayes,2003,1,10,SF SG,Right,6'7,220,09/08/1981,Atlanta,Georgia,Georgia/Western Carolina University,Washington Wizards,hayesja01
Killian Hayes,2020,1,7,PG,Left,6'5,195,27/07/2001,Lakeland,Florida,None,Detroit Pistons,hayeski01
Gordon Hayward,2010,1,9,SF PF,Right,6'7,225,23/03/1990,Indianapolis,Indiana,Butler,Utah Jazz,haywago01
Scoot Henderson,2023,1,3,PG,Right,6'3,202,03/02/2004,Marietta,Georgia,None,Portland Trail Blazers,hendesc01
Taylor Hendricks,2023,1,9,PF,Right,6'9,210,22/11/2003,Fort Lauderdale,Florida,Central Florida,Utah Jazz,hendrita01
Tyler Herro,2019,1,13,SG,Right,6'5,195,20/01/2000,Milwaukee,Wisconsin,Kentucky,Miami Heat,herroty01
Buddy Hield,2016,1,6,SG SF,Right,6'4,220,17/12/1992,Freeport,Bahamas,Oklahoma,New Orleans Pelicans,hieldbu01
Haywood Highsmith,0,0,0,PF SF,Right,6'7,220,09/12/1996,Baltimore,Maryland,Wheeling University,Undrafted,highsha01
Nate Hinton,0,0,0,SG SF,Right,6'5,210,08/06/1999,Gastonia,North Carolina,Houston,Undrafted,hintona01
D'Moi Hodge,0,0,0,SG,Right,6'4,188,20/12/1998,Tortola,British Virgin Islands,Manatee/State College of Florida,Undrafted,hodgedm01
Aaron Holiday,2018,1,23,PG,Right,6'0,185,30/09/1996,Ruston,Louisiana,UCLA,Indiana Pacers,holidaa01
Jrue Holiday,2009,1,17,PG SG,Right,6'4,205,12/06/1990,Chatsworth,California,UCLA,Philadelphia 76ers,holidjr01
Justin Holiday,0,0,0,SG SF,Right,6'6,180,05/04/1989,Mission Hills,California,Washington,Undrafted,holidju01
Richaun Holmes,2015,2,7,C PF,Right,6'10,235,15/10/1993,Lockport,Illinois,Bowling Green,Philadelphia 76ers,holmeri01
Chet Holmgren,2022,1,2,C PF,Right,7'1,208,01/05/2002,Minneapolis,Minnesota,Gonzaga,Oklahoma City Thunder,holmgch01
Jalen Hood-Schifino,2023,1,17,SG,Right,6'6,215,19/06/2003,Pittsburgh,Pennsylvania,Indiana,Los Angeles Lakers,hoodsja01
Al Horford,2007,1,3,C,Right,6'9,240,03/06/1986,Puerto Plata,Dominican Republic,Florida,Atlanta Hawks,horfoal01
Talen Horton-Tucker,2019,2,16,SG PG,Right,6'4,234,25/11/2000,Chicago,Illinois,Iowa State,Orlando Magic,hortota01
Danuel House Jr.,0,0,0,SF SG,Right,6'6,220,07/06/1993,Houston,Texas,Texas A,Undrafted,houseda01
Caleb Houstan,2022,2,2,SF,Right,6'8,205,09/01/2003,Mississauga,Ontario,Michigan,Orlando Magic,houstca01
Jett Howard,2023,1,11,SF,Right,6'8,215,14/09/2003,Chicago,Illinois,Michigan,Orlando Magic,howarje01
Kevin Huerter,2018,1,19,SG SF,Right,6'7,190,27/08/1998,Albany,New York,Maryland,Atlanta Hawks,huertke01
Jay Huff,0,0,0,C,Right,7'1,240,25/08/1998,Durham,North Carolina,Virginia,Undrafted,huffja01
De'Andre Hunter,2019,1,4,SF,Right,6'8,225,02/12/1997,Philadelphia,Pennsylvania,Virginia,Los Angeles Lakers,huntede01
Matthew Hurt,0,0,0,PF,Right,6'9,235,20/04/2000,Rochester,Minnesota,Duke,Undrafted,hurtma01
Bones Hyland,2021,1,26,PG SG,Right,6'2,173,14/09/2000,Wilmington,Delaware,VCU,Denver Nuggets,hylanbo01
Joe Ingles,0,0,0,SF PF,Left,6'9,220,02/10/1987,Adelaide,Australia,None,Undrafted,inglejo01
Brandon Ingram,2016,1,2,SF PF,Right,6'8,190,02/09/1997,Kinston,North Carolina,Duke,Los Angeles Lakers,ingrabr01
Kyrie Irving,2011,1,1,PG SG,Right,6'2,195,23/03/1992,Melbourne,Australia,Duke,Cleveland Cavaliers,irvinky01
Jonathan Isaac,2017,1,6,PF,Right,6'10,230,03/10/1997,The Bronx,New York,Florida State,Orlando Magic,isaacjo01
Jaden Ivey,2022,1,5,SG,Right,6'4,195,13/02/2002,South Bend,Indiana,Purdue,Detroit Pistons,iveyja01
Andre Jackson Jr.,2023,2,6,SG,Right,6'6,210,13/11/2001,Amsterdam,New York,UConn,Orlando Magic,jacksan01
GG Jackson,2023,2,15,PF,Right,6'9,215,17/12/2004,Columbia,South Carolina,South Carolina,Memphis Grizzlies,jacksgg01
Isaiah Jackson,2021,1,22,C,Right,6'10,206,10/01/2002,Pontiac,Michigan,Kentucky,Los Angeles Lakers,jacksis01
Jaren Jackson Jr.,2018,1,4,C PF,Right,6'10,242,15/09/1999,Plainfield,New Jersey,Michigan State,Memphis Grizzlies,jacksja02
Justin Jackson,2017,1,15,SF PF,Right,6'8,220,28/03/1995,Houston,Texas,UNC,Portland Trail Blazers,jacksju01
Quenton Jackson,0,0,0,PG,Right,6'5,175,15/09/1998,Los Angeles,California,Texas A,Undrafted,jacksqu01
Reggie Jackson,2011,1,24,PG SG,Right,6'2,208,16/04/1990,Pordenone,Italy,Boston College,Oklahoma City Thunder,jacksre01
Trayce Jackson-Davis,1981,2,2,SG,Right,6'6,205,21/04/1959,Rockville,Maryland,Notre Dame,Boston Celtics,jackstr01
Lebron James,2003,1,1,SF,Right,6'9,250,30/12/1984,Akron,Ohio,None,Cleveland Cavaliers,jamesle01
Jaime Jaquez Jr.,2023,1,18,SF,Right,6'6,225,18/02/2001,Irvine,California,UCLA,Miami Heat,jaqueja01
DeJon Jarreau,0,0,0,SG,Right,6'5,185,23/01/1998,New Orleans,Louisiana,UMass/Houston,Undrafted,jarrede01
DaQuan Jeffries,0,0,0,SG,Right,6'5,230,30/08/1997,Edmond,Oklahoma,Oral Roberts/Tulsa,Undrafted,jeffrda01
Trey Jemison,0,0,0,C,Right,6'11,260,28/11/1999,Birmingham,Alabama,Clemson/UAB,Undrafted,jemistr01
Ty Jerome,2019,1,24,SG,Right,6'5,195,08/07/1997,New York,New York,Virginia,Philadelphia 76ers,jeromty01
Isaiah Joe,2020,2,19,SG,Right,6'4,165,02/07/1999,Fort Smith,Arkansas,Arkansas,Philadelphia 76ers,joeis01
Cameron Johnson,2019,1,11,PF,Right,6'8,210,03/03/1996,Moon Township,Pennsylvania,UNC/Pitt,Minnesota Timberwolves,johnsca02
Jalen Johnson,2021,1,20,SF PF,Right,6'9,220,18/12/2001,Wausau,Wisconsin,Duke,Atlanta Hawks,johnsja05
James Johnson,2009,1,16,PF,Right,6'7,240,20/02/1987,Cheyenne,Wyoming,Wake Forest,Chicago Bulls,johnsja01
Keldon Johnson,2019,1,29,SF,Right,6'5,220,11/10/1999,Chesterfield,Virginia,Kentucky,San Antonio Spurs,johnske04
Keon Johnson,2021,1,21,SG,Right,6'5,186,10/03/2002,Shelbyville,Tennessee,Tennessee,New York Knicks,johnske07
Keyontae Johnson,2023,2,20,SF,Right,6'5,230,24/05/2000,Norfolk,Virginia,Kansas State/Florida,Oklahoma City Thunder,johnske08
Nikola Jokic,2014,2,11,C,Right,6'11,284,19/02/1995,Sombor,Serbia,None,Denver Nuggets,jokicni01
Colby Jones,2023,2,4,SG,Right,6'6,205,28/05/2002,Birmingham,Alabama,Xavier,Charlotte Hornets,jonesco02
Damian Jones,2016,1,30,C,Right,6'11,245,30/06/1995,Baton Rouge,Louisiana,Vanderbilt,Golden State Warriors,jonesda03
Derrick Jones Jr.,0,0,0,SF PF,Left,6'5,210,15/02/1997,Chester,Pennsylvania,UNLV,Undrafted,jonesde02
Herbert Jones,2021,2,5,PF SF,Left,6'8,210,06/10/1998,Tuscaloosa,Alabama,Alabama,New Orleans Pelicans,joneshe01
Mason Jones,0,0,0,SG,Right,6'4,200,21/07/1998,Dallas,Texas,Arkansas/Connors State College,Undrafted,jonesma05
Tre Jones,2020,2,11,PG,Right,6'1,185,08/01/2000,Apple Valley,Minnesota,Duke,San Antonio Spurs,jonestr01
Tyus Jones,2015,1,24,PG,Right,6'1,196,10/05/1996,Burnsville,Minnesota,Duke,Cleveland Cavaliers,jonesty01
DeAndre Jordan,2008,2,5,C,Left,6'11,265,21/07/1988,Houston,Texas,Texas A,Los Angeles Clippers,jordade01
Cory Joseph,2011,1,29,PG SG,Right,6'2,200,20/08/1991,Toronto,Ontario,Texas,San Antonio Spurs,josepco01
Nikola Jovic,2022,1,27,PF,Right,6'10,209,09/06/2003,Leicester,United Kingdom,None,Miami Heat,jovicni01
Johnny Juzang,0,0,0,SG,Right,6'7,215,17/03/2001,Los Angeles,California,UCLA/Kentucky,Undrafted,juzanjo01
Luke Kennard,2017,1,12,SG,Left,6'5,206,24/06/1996,Middletown,Ohio,Duke,Detroit Pistons,kennalu01
Walker Kessler,2022,1,22,C,Right,7'0,245,26/07/2001,Atlanta,Georgia,UNC/Auburn,Memphis Grizzlies,kesslwa01
Braxton Key,0,0,0,SF,Right,6'8,230,14/02/1997,Charlotte,North Carolina,Virginia/Alabama,Undrafted,keybr01
Corey Kispert,2021,1,15,SF,Right,6'7,220,03/03/1999,Edmonds,Washington,Gonzaga,Washington Wizards,kispeco01
Maxi Kleber,0,0,0,PF C,Right,6'10,240,29/01/1992,Wurzburg,Germany,None,Undrafted,klebima01
Kevin Knox,2018,1,9,SF PF,Right,6'7,215,11/08/1999,Phoenix,Arizona,Kentucky,New York Knicks,knoxke01
John Konchar,0,0,0,SG SF,Right,6'5,210,22/03/1996,Chicago,Illinois,Purdue,Undrafted,konchjo01
Furkan Korkmaz,2016,1,26,SG,Right,6'7,202,24/07/1997,Istanbul,Turkey,None,Philadelphia 76ers,korkmfu01
Luke Kornet,0,0,0,C,Right,7'2,250,15/07/1995,Lantana,Texas,Vanderbilt,Undrafted,kornelu01
Vit Krejci,2020,2,7,PG SG,Right,6'8,195,19/06/2000,Strakonice,Czechia,None,Washington Wizards,krejcvi01
Jonathan Kuminga,2021,1,7,PF SF,Right,6'8,210,06/10/2002,Goma,Democratic Republic of the Congo,None,Golden State Warriors,kuminjo01
Kyle Kuzma,2017,1,27,PF SF,Right,6'9,221,24/07/1995,Flint,Michigan,Utah,Brooklyn Nets,kuzmaky01
Jake LaRavia,2022,1,19,PF,Right,6'8,235,03/11/2001,Pasadena,California,Wake Forest/Indiana State University,Minnesota Timberwolves,laravja01
Zach LaVine,2014,1,13,SG,Right,6'5,200,10/03/1995,Renton,Washington,UCLA,Minnesota Timberwolves,lavinza01
Jock Landale,0,0,0,C,Right,6'11,256,25/10/1995,E Malvern,Australia,Saint Mary,Undrafted,landajo01
A.J. Lawson,0,0,0,SG,Right,6'6,179,15/07/2000,Toronto,Ontario,South Carolina,Undrafted,lawsoaj01
Caris LeVert,2016,1,20,SG SF,Right,6'6,205,25/08/1994,Columbus,Ohio,Michigan,Indiana Pacers,leverca01
Saben Lee,2020,2,8,PG,Right,6'2,183,23/06/1999,St. Louis,Missouri,Vanderbilt,Utah Jazz,leesa01
Alex Len,2013,1,5,C,Right,7'0,250,16/06/1993,Antratsit,Ukraine,Maryland,Phoenix Suns,lenal01
Kawhi Leonard,2011,1,15,SF,Right,6'7,225,29/06/1991,Los Angeles,California,San Diego State,Indiana Pacers,leonaka01
Kira Lewis Jr.,2020,1,13,PG,Right,6'1,170,06/04/2001,Meridianville,Alabama,Alabama,New Orleans Pelicans,lewiski01
Maxwell Lewis,2023,2,10,SF,Right,6'7,195,27/07/2002,Las Vegas,Nevada,Pepperdine,Denver Nuggets,lewisma05
E.J. Liddell,2022,2,11,PF,Right,6'7,240,18/12/2000,Belleville,Illinois,Ohio State,New Orleans Pelicans,liddeej01
Damian Lillard,2012,1,6,PG,Right,6'2,195,15/07/1990,Oakland,California,Weber State,Portland Trail Blazers,lillada01
Nassir Little,2019,1,25,SF PF,Right,6'5,220,11/02/2000,Pensacola,Florida,UNC,Portland Trail Blazers,littlna01
Dereck Lively II,2023,1,12,C,Right,7'1,230,12/02/2004,Philadelphia,Pennsylvania,Duke,Oklahoma City Thunder,livelde01
Isaiah Livers,2021,2,12,PF SF,Right,6'7,230,28/07/1998,Kalamazoo,Michigan,Michigan,Detroit Pistons,liveris01
Chris Livingston,2023,2,28,SF,Right,6'6,220,15/10/2003,Akron,Ohio,Kentucky,Milwaukee Bucks,livinch01
Kenneth Lofton Jr.,0,0,0,PF,Left,6'7,275,14/08/2002,Port Arthur,Texas,Louisiana Tech,Undrafted,loftoke01
Kevon Looney,2015,1,30,C PF,Right,6'9,222,06/02/1996,Milwaukee,Wisconsin,UCLA,Golden State Warriors,looneke01
Brook Lopez,2008,1,10,C,Right,7'1,282,01/04/1988,North Hollywood,California,Stanford,New Jersey Nets,lopezbr01
Robin Lopez,2008,1,15,C,Right,7'1,281,01/04/1988,North Hollywood,California,Stanford,Phoenix Suns,lopezro01
Kevin Love,2008,1,5,PF C,Right,6'8,251,07/09/1988,Santa Monica,California,UCLA,Memphis Grizzlies,loveke01
Kyle Lowry,2006,1,24,PG,Right,6'0,196,25/03/1986,Philadelphia,Pennsylvania,Villanova,Memphis Grizzlies,lowryky01
Seth Lundy,2023,2,16,SF,Right,6'6,220,02/04/2000,Paulsboro,New Jersey,Penn State,Atlanta Hawks,lundyse01
Trey Lyles,2015,1,12,PF,Right,6'9,234,05/11/1995,Saskatoon,Saskatchewan,Kentucky,Utah Jazz,lylestr01
Theo Maledon,2020,2,4,PG,Right,6'4,175,12/06/2001,Rouen,France,None,Philadelphia 76ers,maledth01
Sandro Mamukelashvili,2021,2,24,C PF,Left,6'11,240,23/05/1999,New York,New York,Seton Hall,Indiana Pacers,mamuksa01
Terance Mann,2019,2,18,SG SF,Right,6'5,215,18/10/1996,Brooklyn,New York,Florida State,Los Angeles Clippers,mannte01
Tre Mann,2021,1,18,PG,Right,6'3,178,03/02/2001,Gainesville,Florida,Florida,Oklahoma City Thunder,manntr01
Boban Marjanovic,0,0,0,C,Right,7'4,290,15/08/1988,Zajecar,Serbia,None,Undrafted,marjabo01
Lauri Markkanen,2017,1,7,PF SF,Right,7'0,240,22/05/1997,Vantaa,Finland,Arizona,Minnesota Timberwolves,markkla01
Naji Marshall,0,0,0,SF,Right,6'7,220,24/01/1998,Atlantic City,New Jersey,Xavier,Undrafted,marshna01
Caleb Martin,0,0,0,SF,Right,6'5,205,28/09/1995,Winston,North Carolina,Nevada/NC State,Undrafted,martica02
Cody Martin,2019,2,6,SF,Right,6'5,205,28/09/1995,Winston,North Carolina,NC State/Nevada,Charlotte Hornets,martico01
KJ Martin,2020,2,22,SF,Right,6'6,215,06/01/2001,Gardena,California,None,Sacramento Kings,martike04
Garrison Mathews,0,0,0,SG,Right,6'5,215,24/10/1996,Franklin,Tennessee,Lipscomb,Undrafted,mathega01
Bennedict Mathurin,2022,1,6,SF SG,Right,6'6,210,19/06/2002,Montreal,Quebec,Arizona,Indiana Pacers,mathube01
Wesley Matthews,1980,1,14,PG,Right,6'1,170,24/08/1959,Sarasota,Florida,Wisconsin,Washington Bullets,matthwe01
Tyrese Maxey,2020,1,21,PG SG,Right,6'2,200,04/11/2000,Dallas,Texas,Kentucky,Philadelphia 76ers,maxeyty01
Skylar Mays,2020,2,20,SG PG,Right,6'4,205,05/09/1997,Baton Rouge,Louisiana,LSU,Atlanta Hawks,mayssk01
Miles McBride,2021,2,6,PG,Right,6'2,200,08/09/2000,Cincinnati,Ohio,West Virginia,Oklahoma City Thunder,mcbrimi01
CJ McCollum,2013,1,10,SG PG,Right,6'3,190,19/09/1991,Canton,Ohio,Lehigh,Portland Trail Blazers,mccolcj01
T.J. McConnell,0,0,0,PG,Right,6'1,190,25/03/1992,Pittsburgh,Pennsylvania,Arizona/Duquesne,Undrafted,mccontj01
Jaden McDaniels,2020,1,28,SF PF,Right,6'9,185,29/09/2000,Federal Way,Washington,Washington,Los Angeles Lakers,mcdanja02
Jalen McDaniels,2019,2,22,SF,Right,6'9,205,31/01/1998,Federal Way,Washington,San Diego State,Charlotte Hornets,mcdanja01
Doug McDermott,2014,1,11,SF PF,Right,6'6,225,03/01/1992,Grand Forks,North Dakota,Creighton,Denver Nuggets,mcderdo01
JaVale McGee,2008,1,18,C,Right,7'0,270,19/01/1988,Flint,Michigan,Nevada,Washington Wizards,mcgeeja01
Bryce McGowens,2022,2,10,SG,Right,6'7,179,08/11/2002,Pendleton,South Carolina,Nebraska,Minnesota Timberwolves,mcgowbr01
Jordan McLaughlin,0,0,0,PG,Right,6'0,185,09/04/1996,Etiwanda,California,USC,Undrafted,mclaujo01
De'Anthony Melton,2018,2,16,PG SG,Right,6'2,200,28/05/1998,North Hollywood,California,USC,Houston Rockets,meltode01
Nathan Mensah,0,0,0,C,Left,6'8,230,09/04/1998,Accra,Ghana,San Diego State,Undrafted,mensana01
Sam Merrill,2020,2,30,SG,Right,6'4,205,15/05/1996,Salt Lake City,Utah,Utah State University,New Orleans Pelicans,merrisa01
Chimezie Metu,2018,2,19,C PF,Right,6'9,225,22/03/1997,Los Angeles,California,USC,San Antonio Spurs,metuch01
Vasilije Micic,2014,2,22,PG,Right,6'5,200,13/01/1994,Kraljevo,Serbia,None,Philadelphia 76ers,micicva01
Khris Middleton,2012,2,9,SF SG,Right,6'7,222,12/08/1991,Charleston,South Carolina,Texas A,Detroit Pistons,middlkh01
Brandon Miller,2023,1,2,SF,Right,6'9,201,22/11/2002,Antioch,Tennessee,Alabama,Charlotte Hornets,millebr02
Jordan Miller,2023,2,18,SF,Left,6'7,195,23/01/2000,Anaheim,California,Miami /George Mason,Los Angeles Clippers,millejo02
Leonard Miller,2023,2,3,SF,Left,6'10,210,26/11/2003,Scarborough,Canada,None,San Antonio Spurs,millele01
Patty Mills,2009,2,25,PG SG,Right,6'2,180,11/08/1988,Canberra,Australia,Saint Mary,Portland Trail Blazers,millspa02
Shake Milton,2018,2,24,SG,Right,6'5,205,26/09/1996,Owasso,Oklahoma,SMU,Dallas Mavericks,miltosh01
Justin Minaya,0,0,0,SF,Left,6'5,210,26/03/1999,Harrington Park,New Jersey,None,Undrafted,minayju01
Josh Minott,2022,2,15,SF,Right,6'8,205,25/11/2002,Boca Raton,Florida,Memphis,Charlotte Hornets,minotjo01
Davion Mitchell,2021,1,9,PG,Right,6'2,205,05/09/1998,Hinesville,Georgia,Auburn/Baylor,Sacramento Kings,mitchda01
Donovan Mitchell,2017,1,13,SG PG,Right,6'3,215,07/09/1996,Elmsford,New York,Louisville,Denver Nuggets,mitchdo01
Evan Mobley,2021,1,3,PF,Right,6'11,215,18/06/2001,San Diego,California,USC,Cleveland Cavaliers,mobleev01
Isaiah Mobley,2022,2,19,PF,Right,6'8,240,24/09/1999,San Diego,California,USC,Cleveland Cavaliers,mobleis01
Malik Monk,2017,1,11,SG,Right,6'3,200,04/02/1998,Jonesboro,Arkansas,Kentucky,Charlotte Hornets,monkma01
Moses Moody,2021,1,14,SG,Right,6'6,205,31/05/2002,Little Rock,Arkansas,Arkansas,Golden State Warriors,moodymo01
Xavier Moon,0,0,0,SG,Right,6'2,165,02/01/1995,Goodwater,Alabama,Morehead State University/Northwest Florida State College,Undrafted,moonxa01
Taze Moore,0,0,0,SG,Left,6'5,195,29/06/1998,Memphis,Tennessee,Bakersfield/Cal State,Undrafted,mooreta02
Wendell Moore Jr.,2022,1,26,SG,Right,6'5,213,18/09/2001,Richmond,Virginia,Duke,Dallas Mavericks,moorewe01
Ja Morant,2019,1,2,PG,Right,6'2,174,10/08/1999,Dalzell,South Carolina,Murray State,Memphis Grizzlies,moranja01
Marcus Morris,2011,1,14,PF SF,Right,6'8,218,02/09/1989,Philadelphia,Pennsylvania,Kansas,Houston Rockets,morrima03
Markieff Morris,2011,1,13,PF,Right,6'9,245,02/09/1989,Philadelphia,Pennsylvania,Kansas,Phoenix Suns,morrima02
Monte Morris,2017,2,21,PG,Right,6'2,183,27/06/1995,Grand Rapids,Michigan,Iowa State,Denver Nuggets,morrimo01
Trey Murphy III,2021,1,17,SF,Right,6'8,206,18/06/2000,Durham,North Carolina,Virginia/Rice University,Memphis Grizzlies,murphtr02
Dejounte Murray,2016,1,29,PG SG,Right,6'5,180,19/09/1996,Seattle,Washington,Washington,San Antonio Spurs,murrade01
Jamal Murray,2016,1,7,PG SG,Right,6'4,215,23/02/1997,Kitchener,Ontario,Kentucky,Denver Nuggets,murraja01
Keegan Murray,2022,1,4,SF,Right,6'8,215,19/08/2000,Cedar Rapids,Iowa,Iowa,Sacramento Kings,murrake02
Kris Murray,2023,1,23,SF,Left,6'8,220,19/08/2000,Cedar Rapids,Iowa,Iowa,Portland Trail Blazers,murrakr01
Svi Mykhailiuk,2018,2,17,SF,Right,6'7,205,10/06/1997,Cherkasy,Ukraine,Kansas,Los Angeles Lakers,mykhasv01
Larry Nance Jr.,2015,1,27,C PF,Right,6'8,245,01/01/1993,Akron,Ohio,Wyoming,Los Angeles Lakers,nancela02
Pete Nance,0,0,0,PF,Right,6'11,230,19/02/2000,Akron,Ohio,UNC/Northwestern,Undrafted,nancepe01
Andrew Nembhard,2022,2,1,PG SG,Right,6'5,193,16/01/2000,Aurora,Ontario,Florida/Gonzaga,Indiana Pacers,nembhan01
Aaron Nesmith,2020,1,14,SF,Right,6'5,215,16/10/1999,Charleston,South Carolina,Vanderbilt,Boston Celtics,nesmiaa01
Georges Niang,2016,2,20,PF,Right,6'7,230,17/06/1993,Lawrence,Massachusetts,Iowa State,Indiana Pacers,niangge01
Daishen Nix,0,0,0,PG SG,Right,6'5,224,13/02/2002,Anchorage,Alaska,None,Undrafted,nixda01
Zeke Nnaji,2020,1,22,PF,Right,6'9,240,09/01/2001,Hopkins,Minnesota,Arizona,Denver Nuggets,nnajize01
Jaylen Nowell,2019,2,13,SG,Right,6'4,201,09/07/1999,Seattle,Washington,Washington,Minnesota Timberwolves,nowelja01
Markquis Nowell,0,0,0,SG,Right,5'8,160,25/12/1999,Harlem,New York,Kansas State/Little Rock,Undrafted,nowelma01
Frank Ntilikina,2017,1,8,PG SG,Right,6'4,200,28/07/1998,Ixelles,Belgium,None,New York Knicks,ntilila01
Jusuf Nurkic,2014,1,16,C,Right,7'0,290,23/08/1994,Tuzla,Bosnia and Herzegovina,None,Chicago Bulls,nurkiju01
Jordan Nwora,2020,2,15,SF,Right,6'8,225,09/09/1998,Buffalo,New York,Louisville,Milwaukee Bucks,nworajo01
Royce O'Neal,0,0,0,SF,Right,6'4,226,05/06/1993,Killeen,Texas,Denver/Baylor,Undrafted,onealro01
Chuma Okeke,2019,1,16,SF PF,Right,6'6,229,18/08/1998,Atlanta,Georgia,Auburn,Orlando Magic,okekech01
Josh Okogie,2018,1,20,SG,Right,6'4,213,01/09/1998,Lagos,Nigeria,Georgia Tech,Minnesota Timberwolves,okogijo01
Onyeka Okongwu,2020,1,6,C,Right,6'8,235,11/12/2000,Los Angeles,California,USC,Atlanta Hawks,okongon01
Isaac Okoro,2020,1,5,SF SG,Right,6'5,225,26/01/2001,Atlanta,Georgia,Auburn,Cleveland Cavaliers,okorois01
Kelly Olynyk,2013,1,13,C PF,Right,6'11,240,19/04/1991,Toronto,Ontario,Gonzaga,Dallas Mavericks,olynyke01
Eugene Omoruyi,0,0,0,SF,Right,6'7,244,14/02/1997,Benin City,Nigeria,Oregon/Rutgers University,Undrafted,omorueu01
Cedi Osman,2015,2,1,SF,Right,6'7,230,08/04/1995,Ohrid,North Macedonia,None,Minnesota Timberwolves,osmande01
Kelly Oubre Jr.,2015,1,15,SF,Left,6'7,203,09/12/1995,New Orleans,Louisiana,Kansas,Atlanta Hawks,oubreke01
Chris Paul,2005,1,4,PG,Right,6'0,175,06/05/1985,Winston,North Carolina,Wake Forest,New Orleans Hornets,paulch01
Cameron Payne,2015,1,14,PG SG,Left,6'3,183,08/08/1994,Memphis,Tennessee,Murray State,Oklahoma City Thunder,payneca01
Gary Payton II,0,0,0,PG,Left,6'2,190,01/12/1992,Seattle,Washington,Oregon State,Undrafted,paytoga02
Maozinha Pereira,0,0,0,SF,Right,6'8,177,28/08/2000,Rio de Janeiro,Brazil,None,Undrafted,pereima01
Drew Peterson,0,0,0,PF,Right,6'9,205,09/11/1999,Libertyville,Illinois,USC/Rice University,Undrafted,peterdr01
Filip Petrusev,2021,2,20,C,Right,6'11,234,15/04/2000,Belgrade,Serbia,Gonzaga,Philadelphia 76ers,petrufi01
Julian Phillips,2023,2,5,SF,Right,6'8,198,05/11/2003,Killeen,Texas,Tennessee,Boston Celtics,phillju01
Jalen Pickett,2023,2,2,SG,Right,6'4,209,22/10/1999,Rochester,New York,Siena College/Penn State,Indiana Pacers,pickeja02
Scotty Pippen Jr.,0,0,0,PG,Right,6'1,185,10/11/2000,Portland,Oregon,Vanderbilt,Undrafted,pippesc02
Mason Plumlee,2013,1,22,C,Right,6'10,254,05/03/1990,Fort Wayne,Indiana,Duke,Brooklyn Nets,plumlma01
Brandin Podziemski,2023,1,19,SG,Left,6'5,205,25/02/2003,Greenfield,Wisconsin,Santa Clara/Illinois,Golden State Warriors,podzibr01
Jakob Poeltl,2016,1,9,C,Right,7'0,245,15/10/1995,Vienna,Austria,Utah,Toronto Raptors,poeltja01
Aleksej Pokusevski,2020,1,17,PF,Right,7'0,190,26/12/2001,Belgrade,Serbia,None,Minnesota Timberwolves,pokusal01
Jordan Poole,2019,1,28,SG PG,Right,6'4,194,19/06/1999,Milwaukee,Wisconsin,Michigan,Golden State Warriors,poolejo01
Craig Porter Jr.,0,0,0,PG,Right,6'2,186,26/02/2000,Terre Haute,Indiana,Wichita State/Vincennes University,Undrafted,portecr01
Jontay Porter,0,0,0,PF,Left,6'11,240,15/11/1999,Columbia,Missouri,Missouri,Undrafted,portejo01
Kevin Porter Jr.,2019,1,30,PG,Left,6'4,203,04/05/2000,Seattle,Washington,USC,Milwaukee Bucks,porteke02
Michael Porter Jr.,2018,1,14,SF,Right,6'10,218,29/06/1998,Indianapolis,Indiana,Missouri,Denver Nuggets,portemi01
Otto Porter Jr.,2013,1,3,SF PF,Right,6'8,198,03/06/1993,St. Louis,Missouri,Georgetown,Washington Wizards,porteot01
Bobby Portis,2015,1,22,PF C,Right,6'10,250,10/02/1995,Little Rock,Arkansas,Arkansas,Chicago Bulls,portibo01
Kristaps Porzingis,2015,1,4,PF C,Right,7'2,240,02/08/1995,Liepaja,Latvia,None,New York Knicks,porzikr01
Micah Potter,0,0,0,PF C,Right,6'10,248,06/04/1998,Mentor,Ohio,Wisconsin/Ohio State,Undrafted,pottemi01
Dwight Powell,2014,2,15,C PF,Right,6'10,240,20/07/1991,Toronto,Ontario,Stanford,NBA Draft,poweldw01
Jason Preston,2021,2,3,PG,Right,6'4,187,10/08/1999,Orlando,Florida,Ohio University,Orlando Magic,prestja01
Joshua Primo,2021,1,12,SG SF,Right,6'6,190,24/12/2002,Mississauga,Ontario,Alabama,San Antonio Spurs,primojo01
Taurean Prince,2002,1,23,SF,Left,6'9,212,28/02/1980,Compton,California,Kentucky,Detroit Pistons,princta01
Payton Pritchard,2020,1,26,PG SG,Right,6'1,195,28/01/1998,Tualatin,Oregon,Oregon,Boston Celtics,pritcpa01
Olivier-Maxence Prosper,2023,1,24,PF,Right,6'8,230,03/07/2002,Montreal,Canada,Marquette/Clemson,Sacramento Kings,prospol01
Trevelin Queen,0,0,0,SG,Right,6'6,190,25/02/1997,Baltimore,Maryland,New Mexico Military Institute/College of Marin,Undrafted,queentr01
Neemias Queta,2021,2,9,C,Right,7'0,245,13/07/1999,Lisbon,Portugal,Utah State University,Sacramento Kings,quetane01
Immanuel Quickley,2020,1,25,PG SG,Right,6'3,190,17/06/1999,Havre de Grace,Maryland,Kentucky,Oklahoma City Thunder,quickim01
Lester Quinones,0,0,0,SG,Right,6'5,208,16/11/2000,Brentwood,New York,Memphis,Undrafted,quinole01
Jahmi'us Ramsey,2020,2,13,SG,Right,6'3,190,09/06/2001,Arlington,Texas,Texas Tech,Sacramento Kings,ramseja01
Julius Randle,2014,1,7,PF C,Left,6'8,250,29/11/1994,Dallas,Texas,Kentucky,Los Angeles Lakers,randlju01
Duop Reath,0,0,0,C,Right,6'11,245,26/06/1996,Waat,South Sudan,Lee College/LSU,Undrafted,reathdu01
Austin Reaves,0,0,0,SG,Right,6'5,206,29/05/1998,Newark,Arkansas,Oklahoma/Wichita State,Undrafted,reaveau01
Cam Reddish,2019,1,10,SF,Right,6'8,218,01/09/1999,Norristown,Pennsylvania,Duke,Atlanta Hawks,reddica01
Paul Reed,2020,2,28,C PF,Right,6'9,210,14/06/1999,Orlando,Florida,DePaul,Philadelphia 76ers,reedpa01
Naz Reid,0,0,0,C,Right,6'9,264,26/08/1999,Asbury Park,New Jersey,LSU,Undrafted,reidna01
Jared Rhoden,0,0,0,SG,Right,6'6,210,27/08/1999,Baldwin,New York,Seton Hall,Undrafted,rhodeja01
Nick Richards,2020,2,12,C PF,Right,7'0,245,29/11/1997,Kingston,Jamaica,Kentucky,New Orleans Pelicans,richani01
Josh Richardson,2015,2,10,SG SF,Right,6'5,200,15/09/1993,Edmond,Oklahoma,Tennessee,Miami Heat,richajo01
Duncan Robinson,0,0,0,SF SG,Right,6'7,215,22/04/1994,York,Maine,Michigan/Williams,Undrafted,robindu01
Jerome Robinson,2018,1,13,SG,Right,6'4,190,22/02/1997,Raleigh,North Carolina,Boston College,Los Angeles Clippers,robinje01
Mitchell Robinson,2018,2,6,C,Right,7'0,240,01/04/1998,Pensacola,Florida,Western Kentucky,New York Knicks,robinmi01
Orlando Robinson,0,0,0,C,Right,7'0,235,10/07/2000,Las Vegas,Nevada,Fresno State,Undrafted,robinor01
Jeremiah Robinson-Earl,2018,1,13,SG,Right,6'4,190,22/02/1997,Raleigh,North Carolina,Boston College,Los Angeles Clippers,robinje01
David Roddy,2022,1,23,PF,Right,6'4,255,27/03/2001,Minneapolis,Minnesota,Colorado State,Philadelphia 76ers,roddyda01
Ryan Rollins,2022,2,14,PG,Right,6'4,180,03/07/2002,Detroit,Michigan,Toledo,Atlanta Hawks,rolliry01
Derrick Rose,2008,1,1,PG,Right,6'3,200,04/10/1988,Chicago,Illinois,Memphis,Chicago Bulls,rosede01
Terry Rozier,2015,1,16,PG SG,Right,6'1,190,17/03/1994,Youngstown,Ohio,Louisville,Boston Celtics,roziete01
Rayan Rupert,2023,2,13,SG,Right,6'6,205,31/05/2004,Strasbourg,France,None,Portland Trail Blazers,ruperra01
D'Angelo Russell,2015,1,2,PG,Left,6'3,193,23/02/1996,Louisville,Kentucky,Ohio State,Los Angeles Lakers,russeda01
Matt Ryan,0,0,0,SF,Right,6'6,215,17/04/1997,White Plains,New York,Vanderbilt/Notre Dame,Undrafted,ryanma01
Domantas Sabonis,2016,1,11,PF C,Left,6'10,240,03/05/1996,Portland,Oregon,Gonzaga,Orlando Magic,sabondo01
Luka Samanic,2019,1,19,PF,Right,6'10,227,09/01/2000,Zagreb,Croatia,None,San Antonio Spurs,samanlu01
Jermaine Samuels,0,0,0,SF,Right,6'7,230,13/11/1998,Franklin,Massachusetts,Villanova,Undrafted,samueje01
Adama Sanogo,0,0,0,PF,Right,6'9,245,12/02/2002,Bamako,Mali,UConn,Undrafted,sanogad01
Gui Santos,2022,2,25,PF,Right,6'8,209,22/06/2002,Brasilia,Brazil,None,Golden State Warriors,santogu01
Dario Saric,2014,1,12,PF C,Right,6'10,225,08/04/1994,Sibenik,Croatia,None,Orlando Magic,saricda01
Olivier Sarr,0,0,0,C,Right,7'0,237,20/02/1999,Niort,France,Wake Forest/Kentucky,Undrafted,sarrol01
Marcus Sasser,2023,1,25,PG,Right,6'2,195,21/09/2000,Dallas,Texas,Houston,Memphis Grizzlies,sassema01
Admiral Schofield,2019,2,12,PF SF,Right,6'5,241,30/03/1997,London,United Kingdom,Tennessee,Philadelphia 76ers,schofad01
Dennis Schroder,2013,1,17,PG SG,Right,6'1,172,15/09/1993,Braunschweig,Germany,None,Atlanta Hawks,schrode01
Dereon Seabron,0,0,0,SG,Right,6'7,180,26/05/2000,Norfolk,Virginia,NC State,Undrafted,seabrde01
Alperen Sengun,2021,1,16,C,Right,6'11,235,25/07/2002,Giresun,Turkey,None,Oklahoma City Thunder,sengual01
Brice Sensabaugh,2023,1,28,SF,Right,6'6,235,30/10/2003,Orlando,Florida,Ohio State,Utah Jazz,sensabr01
Collin Sexton,2018,1,8,SG PG,Right,6'3,190,04/01/1999,Marietta,Georgia,Alabama,Cleveland Cavaliers,sextoco01
Day'Ron Sharpe,2021,1,29,C PF,Right,6'11,265,06/11/2001,Greenville,North Carolina,UNC,Phoenix Suns,sharpda01
Shaedon Sharpe,2022,1,7,SG,Right,6'6,200,30/05/2003,London,Ontario,Kentucky,Portland Trail Blazers,sharpsh01
Ben Sheppard,2023,1,26,SG,Right,6'6,190,16/07/2001,Atlanta,Georgia,Belmont,Indiana Pacers,sheppbe01
Pascal Siakam,2016,1,27,PF,Right,6'8,230,02/04/1994,Douala,Cameroon,New Mexico State,Toronto Raptors,siakapa01
Ben Simmons,2016,1,1,PG,Left,6'10,240,20/07/1996,Melbourne,Australia,LSU,Philadelphia 76ers,simmobe01
Kobi Simmons,0,0,0,PG SG,Right,6'5,166,04/07/1997,Atlanta,Georgia,Arizona,Undrafted,simmoko01
Anfernee Simons,2018,1,24,SG,Right,6'3,181,08/06/1999,Longwood,Florida,None,Portland Trail Blazers,simonan01
Zavier Simpson,0,0,0,PG,Right,6'0,190,11/02/1997,Lima,Ohio,Michigan,Undrafted,simpsza01
Jericho Sims,2021,2,28,C PF,Right,6'10,245,20/10/1998,Minneapolis,Minnesota,Texas,New York Knicks,simsje01
Dmytro Skapintsev,0,0,0,C,Right,7'1,260,12/05/1998,Cherkasy,Ukraine,Cal State Northridge,Undrafted,skapidm01
Jalen Slawson,2023,2,24,SF,Right,6'7,215,22/10/1999,Summerville,South Carolina,Furman University,Sacramento Kings,slawsja01
Javonte Smart,0,0,0,PG,Right,6'4,205,03/06/1999,Baton Rouge,Louisiana,LSU,Undrafted,smartja01
Marcus Smart,2014,1,6,PG SG,Right,6'3,220,06/03/1994,Flower Mound,Texas,Oklahoma State,Boston Celtics,smartma01
Dennis Smith Jr.,2017,1,9,PG,Right,6'2,205,25/11/1997,Fayetteville,North Carolina,NC State,Dallas Mavericks,smithde03
Dru Smith,0,0,0,SG,Right,6'3,203,30/12/1997,Evansville,Indiana,University of Evansville/Missouri,Undrafted,smithdr01
Ish Smith,0,0,0,PG,Right,6'0,175,05/07/1988,Charlotte,North Carolina,Wake Forest,Undrafted,smithis01
Jabari Smith Jr.,2022,1,3,PF,Right,6'11,220,13/05/2003,Fayetteville,Georgia,Auburn,Houston Rockets,smithja05
Jalen Smith,2020,1,10,PF C,Right,6'10,215,16/03/2000,Portsmouth,Virginia,Maryland,Phoenix Suns,smithja04
Nick Smith Jr.,2023,1,27,SG,Right,6'5,185,18/04/2004,Jacksonville,Arkansas,Arkansas,Charlotte Hornets,smithni01
Terquavion Smith,0,0,0,PG,Right,6'4,165,31/12/2002,Greenville,North Carolina,NC State,Undrafted,smithte01
Jeremy Sochan,2022,1,9,PF,Right,6'8,230,20/05/2003,Guymon,Oklahoma,Baylor,San Antonio Spurs,sochaje01
Pat Spencer,0,0,0,PG,Right,6'3,205,04/07/1996,Davidsonville,Maryland,Loyola /MD,Undrafted,spencpa01
Jaden Springer,2021,1,28,SG PG,Right,6'4,204,25/09/2002,Charlotte,North Carolina,Tennessee,Philadelphia 76ers,sprinja01
Lamar Stevens,0,0,0,PF SF,Right,6'6,230,09/07/1997,Philadelphia,Pennsylvania,Penn State,Undrafted,stevela01
Isaiah Stewart,2020,1,16,C PF,Right,6'8,250,22/05/2001,Rochester,New York,Washington,Portland Trail Blazers,stewais01
Julian Strawther,2023,1,29,SF,Right,6'7,205,18/04/2002,Las Vegas,Nevada,Gonzaga,Indiana Pacers,strawju01
Max Strus,0,0,0,SF,Right,6'5,215,28/03/1996,Hickory Hills,Illinois,Lewis /IL,Undrafted,strusma01
Jalen Suggs,2021,1,5,SG PG,Right,6'5,205,03/06/2001,St. Paul,Minnesota,Gonzaga,Orlando Magic,suggsja01
Cole Swider,0,0,0,SF,Right,6'9,220,08/05/1999,Portsmouth,Rhode Island,Syracuse/Villanova,Undrafted,swideco01
Jae'Sean Tate,0,0,0,SF PF,Left,6'4,230,28/10/1995,Toledo,Ohio,Ohio State,Undrafted,tateja01
Jayson Tatum,2017,1,3,SF PF,Right,6'8,210,03/03/1998,St. Louis,Missouri,Duke,Boston Celtics,tatumja01
Terry Taylor,0,0,0,PF,Left,6'5,230,23/09/1999,Bowling Green,Kentucky,Austin Peay State University,Undrafted,taylote01
Garrett Temple,0,0,0,SG,Right,6'5,195,08/05/1986,Baton Rouge,Louisiana,LSU,Undrafted,templga01
Dalen Terry,2022,1,18,SG,Right,6'7,195,12/07/2002,Tempe,Arizona,Arizona,Chicago Bulls,terryda01
Daniel Theis,0,0,0,C,Right,6'8,245,04/04/1992,Salzgitter,Germany,None,Undrafted,theisda01
Cam Thomas,2021,1,27,SG,Right,6'4,210,13/10/2001,Yokosuka,Japan,LSU,Brooklyn Nets,thomaca02
Isaiah Thomas,2011,2,30,PG SG,Left,5'9,185,07/02/1989,Tacoma,Washington,Washington,Sacramento Kings,thomais02
Amen Thompson,2023,1,4,SF,Right,6'7,209,30/01/2003,San Leandro,California,None,Houston Rockets,thompam01
Ausar Thompson,2023,1,5,SF,Right,6'7,215,30/01/2003,San Leandro,California,None,Detroit Pistons,thompau01
Klay Thompson,2011,1,11,SG SF,Right,6'6,215,08/02/1990,Los Angeles,California,Washington State,Golden State Warriors,thompkl01
Tristan Thompson,2011,1,4,C PF,Right,6'9,254,13/03/1991,Toronto,Ontario,Texas,Cleveland Cavaliers,thomptr01
JT Thor,2021,2,7,PF,Left,6'10,205,26/08/2002,Omaha,Nebraska,Auburn,Detroit Pistons,thorjt01
Matisse Thybulle,2019,1,20,SG SF,Right,6'5,201,04/03/1997,Scottsdale,Arizona,Washington,Boston Celtics,thybuma01
Xavier Tillman,2020,2,5,PF C,Right,6'8,245,12/01/1999,Grand Rapids,Michigan,Michigan State,Sacramento Kings,tillmxa01
Jacob Toppin,0,0,0,SF,Right,6'9,205,08/05/2000,Ossining,New York,Kentucky/Rhode Island,Undrafted,toppija01
Obi Toppin,2020,1,8,PF,Right,6'9,220,04/03/1998,Brooklyn,New York,Dayton,New York Knicks,toppiob01
Juan Toscano-Anderson,0,0,0,SF SG,Right,6'6,209,10/04/1993,Oakland,California,Marquette,Undrafted,toscaju01
Karl-Anthony Towns,2015,1,1,C PF,Right,7'0,248,15/11/1995,Edison,New Jersey,Kentucky,Minnesota Timberwolves,townska01
Gary Trent Jr.,1995,1,11,PF,Right,6'8,250,22/09/1974,Columbus,Ohio,Ohio University,Milwaukee Bucks,trentga01
Oscar Tshiebwe,0,0,0,PF,Right,6'9,260,27/11/1999,Lubumbashi,Democratic Republic of the Congo,Kentucky/West Virginia,Undrafted,tshieos01
P.J. Tucker,2006,2,5,PF,Right,6'5,245,05/05/1985,Raleigh,North Carolina,Texas,Toronto Raptors,tuckepj01
Myles Turner,2015,1,11,C,Right,6'11,250,24/03/1996,Bedford,Texas,Texas,Indiana Pacers,turnemy01
Hunter Tyson,2023,2,7,PF,Right,6'8,215,13/06/2000,Monroe,North Carolina,Clemson,Oklahoma City Thunder,tysonhu01
Stanley Umude,0,0,0,SG,Right,6'6,210,12/04/1999,Portland,Oregon,Arkansas/South Dakota,Undrafted,umudest01
Jonas Valanciunas,2011,1,5,C,Right,6'11,265,06/05/1992,Utena,Lithuania,None,Toronto Raptors,valanjo01
Fred VanVleet,0,0,0,PG SG,Right,6'0,197,25/02/1994,Rockford,Illinois,Wichita State,Undrafted,vanvlfr01
Jarred Vanderbilt,2018,2,11,PF,Left,6'8,214,03/04/1999,Houston,Texas,Kentucky,Orlando Magic,vandeja01
Devin Vassell,2020,1,11,SG SF,Right,6'5,200,23/08/2000,Lawrenceville,Georgia,Florida State,San Antonio Spurs,vassede01
Sasha Vezenkov,2017,2,27,PF,Left,6'9,225,06/08/1995,Lefkosia,Cyprus,None,Brooklyn Nets,vezenal01
Gabe Vincent,0,0,0,PG,Right,6'3,195,14/06/1996,Modesto,California,UC Santa Barbara,Undrafted,vincega01
Nikola Vucevic,2011,1,16,C,Right,6'10,260,24/10/1990,Morges,Switzerland,USC,Philadelphia 76ers,vucevni01
Tristan Vukcevic,2023,2,12,C,Right,7'0,223,11/03/2003,Siena,Italy,None,Washington Wizards,vukcetr01
Dean Wade,0,0,0,PF,Right,6'9,228,20/11/1996,Wichita,Kansas,Kansas State,Undrafted,wadede01
Franz Wagner,2021,1,8,SF,Right,6'10,225,27/08/2001,Berlin,Germany,Michigan,Orlando Magic,wagnefr01
Moritz Wagner,2018,1,25,C,Right,6'11,245,26/04/1997,Berlin,Germany,Michigan,Los Angeles Lakers,wagnemo01
Ish Wainright,0,0,0,SF PF,Right,6'6,250,12/09/1994,Kansas City,Missouri,Baylor,Undrafted,wainris01
Jabari Walker,2022,2,27,SF,Right,6'9,215,30/07/2002,Wichita,Kansas,Colorado,Portland Trail Blazers,walkeja01
Jarace Walker,2023,1,8,PF,Right,6'8,240,04/09/2003,New Freedom,Pennsylvania,Houston,Washington Wizards,walkeja02
Lonnie Walker IV,2018,1,18,SG,Right,6'4,204,14/12/1998,Reading,Pennsylvania,Miami ,San Antonio Spurs,walkelo01
Cason Wallace,2023,1,10,SG,Right,6'4,193,07/11/2003,Dallas,Texas,Kentucky,Dallas Mavericks,wallaca01
Jordan Walsh,2023,2,8,SF,Right,6'7,205,03/03/2004,DeSoto,Texas,Arkansas,Sacramento Kings,walshjo01
T.J. Warren,2014,1,14,SF PF,Right,6'8,220,05/09/1993,Durham,North Carolina,NC State,Phoenix Suns,warretj01
P.J. Washington,2019,1,12,PF C,Right,6'7,230,23/08/1998,Louisville,Kentucky,Kentucky,Charlotte Hornets,washipj01
TyTy Washington Jr.,2022,1,29,PG,Right,6'3,197,15/11/2001,Phoenix,Arizona,Kentucky,Memphis Grizzlies,washity02
Yuta Watanabe,0,0,0,SF,Left,6'9,215,13/10/1994,Yokohama,Japan,George Washington,Undrafted,watanyu01
Lindy Waters III,0,0,0,SG,Right,6'6,215,28/07/1997,Norman,Oklahoma,Oklahoma State,Undrafted,waterli01
Trendon Watford,0,0,0,PF SF,Right,6'9,240,09/11/2000,Birmingham,Alabama,LSU,Undrafted,watfotr01
Peyton Watson,2022,1,30,SF SG,Right,6'8,200,11/09/2002,Beverly Hills,California,UCLA,Oklahoma City Thunder,watsope01
Victor Wembanyama,2023,1,1,C PF,Right,7'4,209,04/01/2004,Le Chesnay,France,None,San Antonio Spurs,wembavi01
Blake Wesley,2022,1,25,SG,Right,6'5,185,16/03/2003,South Bend,Indiana,Notre Dame,San Antonio Spurs,weslebl01
Russell Westbrook,2008,1,4,PG,Right,6'4,200,12/11/1988,Long Beach,California,UCLA,Seattle SuperSonics,westbru01
Coby White,2019,1,7,PG SG,Right,6'5,195,16/02/2000,Goldsboro,North Carolina,UNC,Chicago Bulls,whiteco01
Derrick White,2017,1,29,SG PG,Right,6'4,190,02/07/1994,Parker,Colorado,Colorado Springs/Colorado,San Antonio Spurs,whitede01
Jack White,0,0,0,SF,Right,6'7,225,05/08/1997,Traralgon,Australia,Duke,Undrafted,whiteja03
Dariq Whitehead,2023,1,22,SF,Right,6'7,220,01/08/2004,Newark,New Jersey,Duke,Brooklyn Nets,whiteda01
Cam Whitmore,2023,1,20,SF,Right,6'7,232,08/07/2004,Odenton,Maryland,Villanova,Houston Rockets,whitmca01
Aaron Wiggins,2021,2,25,SG,Right,6'6,200,02/01/1999,Greensboro,North Carolina,Maryland,Oklahoma City Thunder,wiggiaa01
Andrew Wiggins,2014,1,1,SF PF,Right,6'7,197,23/02/1995,Toronto,Ontario,Kansas,Cleveland Cavaliers,wiggian01
Lindell Wigginton,0,0,0,PG,Right,6'2,189,28/03/1998,Halifax,Nova Scotia,Iowa State,Undrafted,wiggili01
Alondes Williams,0,0,0,SG,Right,6'4,210,19/06/1999,Milwaukee ,Wisconsin,Triton College/Oklahoma,Undrafted,willial06
Brandon Williams,0,0,0,PG,Right,6'2,190,22/11/1999,Los Angeles,California,Arizona,Undrafted,willibr03
Grant Williams,2019,1,22,PF,Right,6'6,236,30/11/1998,Houston,Texas,Tennessee,Boston Celtics,willigr01
Jalen Williams,2022,1,12,PF SG,Right,6'5,195,14/04/2001,Denver,Colorado,Santa Clara,Oklahoma City Thunder,willija06
Jaylin Williams,2022,2,4,C,Right,6'9,240,29/06/2002,Fort Smith,Arkansas,Arkansas,Oklahoma City Thunder,willija07
Jeenathan Williams,0,0,0,SG,Left,6'5,205,12/02/1999,Rochester,New York,Buffalo,Undrafted,willije02
Kenrich Williams,0,0,0,PF SF,Right,6'6,210,02/12/1994,Waco,Texas,TCU,Undrafted,willike04
Malik Williams,0,0,0,C,Right,6'11,250,26/08/1998,Fort Wayne,Indiana,None,Undrafted,willima11
Mark Williams,2022,1,15,C,Right,7'0,241,16/12/2001,Norfolk,Virginia,Duke,Charlotte Hornets,willima07
Patrick Williams,2020,1,4,PF,Right,6'7,215,26/08/2001,Charlotte,North Carolina,Florida State,Chicago Bulls,willipa01
Robert Williams,2018,1,27,C,Right,6'9,237,17/10/1997,Shreveport,Louisiana,Texas A,Boston Celtics,williro04
Vince Williams Jr.,2022,2,17,SG,Left,6'4,205,30/08/2000,Toledo,Ohio,VCU,Memphis Grizzlies,willivi01
Ziaire Williams,2021,1,10,SF,Right,6'9,215,12/09/2001,Lancaster,California,Stanford,New Orleans Pelicans,willizi02
Zion Williamson,2019,1,1,PF,Left,6'6,284,06/07/2000,Salisbury,North Carolina,Duke,New Orleans Pelicans,willizi01
D.J. Wilson,2017,1,17,PF,Right,6'10,231,19/02/1996,Mount Shasta,California,Michigan,Milwaukee Bucks,wilsodj01
Jalen Wilson,2023,2,21,PF,Right,6'8,225,04/11/2000,Arlington,Texas,Kansas,Brooklyn Nets,wilsoja03
Dylan Windler,2019,1,26,SF,Left,6'6,196,22/09/1996,Indianapolis,Indiana,Belmont,Cleveland Cavaliers,windldy01
James Wiseman,2020,1,2,C,Left,7'0,240,31/03/2001,Nashville,Tennessee,Memphis,Golden State Warriors,wisemja01
Isaiah Wong,2023,2,25,SG,Right,6'4,184,28/01/2001,Piscataway,New Jersey,Miami ,Indiana Pacers,wongis01
Christian Wood,0,0,0,PF C,Right,6'8,214,27/09/1995,Long Beach,California,UNLV,Undrafted,woodch01
Delon Wright,2015,1,20,PG SG,Right,6'5,185,26/04/1992,Los Angeles,California,Utah,Toronto Raptors,wrighde01
Thaddeus Young,2007,1,12,PF,Left,6'8,235,21/06/1988,New Orleans,Louisiana,Georgia Tech,Philadelphia 76ers,youngth01
Trae Young,2018,1,5,PG,Right,6'1,164,19/09/1998,Lubbock,Texas,Oklahoma,Dallas Mavericks,youngtr01
Omer Yurtseven,0,0,0,C,Right,7'0,264,19/06/1998,Istanbul,Turkey,NC State/Georgetown,Undrafted,yurtsom01
Cody Zeller,2013,1,4,C,Right,6'11,240,05/10/1992,Washington,Indiana,Indiana,Charlotte Bobcats,zelleco01
Ivica Zubac,2016,2,2,C,Right,7'0,240,18/03/1997,Mostar,Bosnia and Herzegovina,None,Los Angeles Lakers,zubaciv01
